{
  "starting": {
    "description": "If your car won't start, it could be due to a dead battery, a faulty starter, or other issues.",
    "steps": [
      "Check if the battery terminals are clean and tightly connected.",
      "Try jump-starting the car using jumper cables and another vehicle.",
      "If the car still doesn't start, the starter motor might be faulty."
    ],
    "professional": "If none of these steps work, consult a professional mechanic."
  },
  "brakes": {
    "description": "If your brakes are squealing or not working properly, it could be due to worn brake pads or a brake fluid leak.",
    "steps": [
      "Check the brake fluid level and top it up if necessary.",
      "Inspect the brake pads for wear and replace them if needed.",
      "If the problem persists, there might be a leak in the brake system."
    ],
    "professional": "If you're unsure, take your car to a professional mechanic."
  },
  "engine": {
    "description": "If your engine is overheating, it could be due to a coolant leak, a faulty thermostat, or a broken water pump.",
    "steps": [
      "Check the coolant level and top it up if necessary.",
      "Inspect the radiator for leaks or blockages.",
      "If the problem persists, the thermostat or water pump might need replacement."
    ],
    "professional": "If the engine continues to overheat, consult a professional mechanic."
  },
  "battery": {
    "description": "If your car battery is dead, it could be due to leaving the lights on, a faulty alternator, or an old battery.",
    "steps": [
      "Try jump-starting the car using jumper cables and another vehicle.",
      "Check the alternator to ensure it's charging the battery properly.",
      "If the battery is old, consider replacing it."
    ],
    "professional": "If the battery keeps dying, consult a professional mechanic."
  },
  "other": {
    "description": "For other issues, it's best to consult a professional mechanic for a thorough diagnosis.",
    "steps": [],
    "professional": "Please take your car to a professional mechanic."
  }
}