{
  "project_info": {
    "project_number": "888409537957",
    "project_id": "fixngo-abcd5",
    "storage_bucket": "fixngo-abcd5.firebasestorage.app"
  },
  "client": [
    {
      "client_info": {
        "mobilesdk_app_id": "1:888409537957:android:5abbbfbc6083153fb0fc4c",
        "android_client_info": {
          "package_name": "com.example.service"
        }
      },
      "oauth_client": [],
      "api_key": [
        {
          "current_key": "AIzaSyCrkEKebomI1tp8UXNLdbeE9zEcEYKzwas"
        }
      ],
      "services": {
        "appinvite_service": {
          "other_platform_oauth_client": []
        }
      }
    }
  ],
  "configuration_version": "1"
}